author,date,text
mandoa_sky,1546332920,"this is why we avoid hook ups - moids are mean to their friends if we do [https://www.reddit.com/r/AskMen/comments/ab8szs/men\_who\_have\_dated\_notsoattractive\_girls\_have\_you/](https://www.reddit.com/r/AskMen/comments/ab8szs/men_who_have_dated_notsoattractive_girls_have_you/)  &amp;#x200B;  the comment section says all; really."
IneedClearSkin,1546654248,"[suifuel] I will never have this "
incelofpeace,1546843447,"U girls u girls never gave me a chanxe Title "
fuckgoogle69,1547966998,"It’s so sad to see that this not a forum for debate about serious yet shameful action; and that suffragists are dead. I was recently banned from a throwaway account for my post that asked how far we need to be pushed and humiliated before we militarize like the suffragists did.  Was hoping to find people here willing to see and analyze this point of mine.  Women have never been given rights; we have always had to fight for rights. What this point is realized; thr only conclusion is to act.   Yes suffragists made bombs and attached; but they won. When will we win? When will we have to reduce ourselves to the same tactics? How far must it go?"
[deleted],1547985085,"Jews should be exterminated [deleted]"
[deleted],1548426017,"Can’t deal with the uncertainty [deleted]"
[deleted],1548437645,"Living as an ugly woman has been hell [deleted]"
[deleted],1551592901,"What's the difference? [deleted]"
[deleted],1551629904,"femcels! why don't you date incels! [deleted]"
vcardthrow1,1553166020,"Holy fuck; college really is horrible. I was surrounded by global Stacies then - even worse now I have the great awfulness of temping for a whopping 2 days. Two fucking days.  I'm temping for this Swedish 20 year old how is working through her marketing program and literally looks like she could be a member of the Skaarsgard family; and it's the whole package - teeny tiny body of a model; instagram full of professional-quality pics at the beach; posing with friends; doing yoga in the park; and of course; she has a great resume.   I found a Google doc with her file for cover letters for companies like Hulu and marketing companies and it was all I could do not to read them; just to get some sense of how someone with a future writes.  ...And when *I* was 20; I was surrounded by girls like that - girls that could model if they had wanted to; and know it; girls who inexplicably live in the nicest neighborhoods; girls who don't seem much smarter than me but have a 4.0 GPA; and above all; girls who are bubbly.  Meanwhile I'm sitting here absolutely tortured 2 months after hernia repair destroying my breathing; my belly button and my lower back; with my big fat disgusting shelf of a stomach; all the health problems; the acne; the body hair...  We're like a different species.   I'm the temp. She's the person my alma mater recruits as a student employee on a campus where a lot of those people got to stay employed there forever.   It just...I feel so passively suicidal right now.   I am in so much physical pain but really...fuck.   How come some women get **all that**; and women here get...nothing? Not even just averageness?   This girl's instagram showed her living like the stereotype of Stacy who will be ordinary or mediocre but her beauty; confidence; and good luck will skyrocket her to be director or a brand manager making 90k per year at 25.   It just makes me want to crawl into a hole and die and the fact that I am thinking about this beautiful; happy little Swedish girl who probably lived a charmed life before she came to my city; is living an unbelievable life now (there are so many pics of her on the roof in a building in the celebrity neighborhood of my city...things like that; that access to money....*man*)...is probably living a dream on spring break now.  For all the reports people present fake lives on social media...it's bullshit. And even if it is somewhat fake - your employer; prospective guys you date; people judging you - they look at that.  I feel like killing myself after as selfie; this girl could be a minor instagram star.   It's insane.  That's all; that's the horrible thing that made me reflect on my life and all the pain I am in today.  It would be so bad without the hernia but with my fat; disgusting painful stomach and back; and all the pain I continue to feel after this horrible surgery - I am in hell. "
[deleted],1553198684,"To everyone who pointed out my flaws [deleted]"
MissNoHope,1553706513,"Came over this when browsing r9k. (I know I shouldn't) Honestly feel like crying thinking about this. "
[deleted],1553729294,"IMA 23 year old Male willing to hang out with any girl here who is interested (picture of me included) [deleted]"
dsj727,1555289178,"All the dating privileges that incels say women have only apply to white women Being a black female debunks everything incels say about women having it so good.  &amp;#x200B;  If black women had it so good; articles like these wouldn't be published  [https://www.salon.com/2011/05/17/psychology\_today\_racist\_black\_women\_attractive/](https://www.salon.com/2011/05/17/psychology_today_racist_black_women_attractive/)  &amp;#x200B;  Many men flat out refuse to date black women; even black some men. And let's not forget the "pretty for a black girl" BS.  &amp;#x200B;  Women don't have any real dating privilege unless they're white or not too black looking. Otherwise; you just get pumped and dumped."
rs42_,1555931520,"Hello femcels its me; chad. I am done fucking all the veronicas and stacies now I would like to dabble in fucking the beta abigales and helgas "
Red_Sun_Vladimir,1556447703,"I got banned and this was the only thing I wrote in this subreddit. What’s wrong with people "
[deleted],1549177704,"lifefuel: Makeup/filter/angle maxxed [deleted]"
[deleted],1549467324,"Should I give up and focus on other things? Am I ugly? [deleted]"
mraaggan,1549907270,"Femcels stink its a established fact and u/riri1236 stinks"
AnhedoniaAddict,1550975233,"Truefemcels "
[deleted],1537731386,"gay [deleted]"
MarryMyBroPlz,1539547451,"A chance to escape femceldom!! Hi fellow femcels sisters &lt;3  &amp;#x200B;  I am pimping out my chadlite wrustie 7.5/10 brother to any careermaxxed (I don't want my brother to be poor) femcel!!!  &amp;#x200B;  He is 5'11"; 24 years old; from Israel and this is how he looks like:  &gt;!https://i.redd.it/g805t1j2g7s11.jpg!&lt;  &amp;#x200B;  Do not worry; I brainwashed him personally.  &amp;#x200B;  Personality:  &amp;#x200B;  He does not give a dam about looks!! It's all about your personality.  His dream is to become a househusband (male version of housewife); he will cook for you and the kids; clean the house and do the laundry!  He will love you for who you are no matter what happens.  My brother is loyal and would never cheat on you.  My brother is smart and funny but can't seem to motivate himself enough to finish his computer science degree properly  .  &amp;#x200B;  His Hobbies Include:  &amp;#x200B;  Playing basketball with his father.  Meeting new people.  Going to the gym (hopefully he will have abs soon enough).  Going out for camping.  Playing video games.  Watching movies.  Watching anime (had some hot cosplays for a few conventions).  &amp;#x200B;  In bed:  Can act as a dom / normal gentle sex.  But even better as a sub.  He also has a foot fetish so if you like coconut oil footrubs after a long day at work you are in for a treat.  Will not stop at anything until you are satisfied and very open about fetishes in general.  &amp;#x200B;  So if you want to come home like this (with the genders swapped):  [https://www.youtube.com/watch?v=YV6vorVBEUE](https://www.youtube.com/watch?v=YV6vorVBEUE)  &amp;#x200B;  Send me a message!!"
crazyladybutterfly,1540482278,"incels crying about feminism (again); trolled asking if they want women to be basically slaves and holy shit some members actually confirm it "
yikesmysexlife,1542341499,"are there lesbian females? EDIT: LESBIAN *FEMCELS*   most of the discourse is dedicated to incels (including so called gaycells; who have in my experience always been m4m) and straight femcels. are there femcels looking for women who don't get any attention? "
[deleted],1542512306,"hey; i was wondering. if there are female incels; which is something i've come to learn today; why don't you ust date/have sex with male incels? it's an honest question. [deleted]"
Yasounaj,1542674441,"Suifuel for uglycels like me "
ScaryExtent,1544548203,"would you agree with this 1-9 scale? [https://i.imgur.com/qCJFUZJ.jpg](https://i.imgur.com/qCJFUZJ.jpg)  &amp;#x200B;  Don't agree. 1's are 1's sure; but there is barely a jump to 2 and 3; they are 1's; maybe the 3's some of them are 2s;  the 4s are ok; but the 5's are 6-7; I would say two 8s among the 6s; and 7 and up are 9.   &amp;#x200B;  'I don't get the distribution. "
[deleted],1545893334,"ive been lurking on the subreddit for a little while and ive got something to say [deleted]"
hemsouw,1545961061,"Hey; im just wanna say that you are all special on your own ways; take care of your health and do what you love. I know what feels to be alone; i know i shouldnt be posting here because im a male but if words have power i wish my words can make you all feel better. Value your lifes and be happy. "
[deleted],1546092414,"Girls; what did you think of the movie "Sierra Burgess is a Loser" ? [deleted]"
SentientBacon,1543691400,"yeah most lesbians are females "
yikesmysexlife,1543692006,"*femcels. oops 😬"
SentientBacon,1543693060,"Lol; made me laugh at least "
spacebot12,1543854028,"I am a femcel lesbian. Not gonna lie. I would love to pay someone to sleep with me though. "
spacebot12,1543854168,"Over here. 👋 I'm a femcel lesbian... Sadly. I get zero attention from women probably cause I'm in the closet and I'm not attractive and I'm really shy. It's stupid but whatever. It is what it is. "
Lanky_Initiative,1543858718,"Since you're a lesbian perhaps you're struggles might not be too different to incels.. Its so bad that you're considering paying for it? "
yikesmysexlife,1543869347,"you're in the closet? I'm sorry to hear that.  Is that a personal choice; or are there circumstances that make coming out too scary/unsafe? (super understand if you'd rather not answer.)"
TokyoMakesMeBrokeYo,1543913635,"Suicide fuel."
death-loves-time,1544595152,"haha cytlin jenner at the botton for 1s; shouldnt be on that list thou cuz not female"
PCcultureIsBS,1544651636,"Feminist: "Face doesn't matter"  Also feminist: ranks all women from 1-10 based on facial appearance\*  This is projection 101.   &amp;#x200B;  PS; I would put my \*\*\*\* on all these women. Our pepes don't discriminate! Besides that; what decides who I marry would be based on their personality. Most of these women will look like a 3 after 45+ anyways; and a 1 after 50 so in the end; personalty wins in the eyes of men.  &amp;#x200B;  The only time I would discriminate based on looks is when I'm looking at a ho or former ho. If she requires "good and services" for sex; then I'm getting my labor's worth. And we don't trust former hoes by the way. The probability that she will treat us different than 99% of men and boys she treated in her youth are close enough to zero for me to NOT risk my money or a broken heart.  &amp;#x200B;  Also; the women on top are littered with expensive make up and Photoshop! I'm SURE that is NOT what they look like after waking up!   &amp;#x200B;  Women can't be Incels!"
PCcultureIsBS,1544651813,"Supposed Femcel: I'm an incel; femcels exists guys!  &amp;#x200B;  Also supposed femcel: Ewww; all the guys that are approaching me look like manlet monkeys. Please Chad; come and \*\*\*\* me."
EXTRA-THOT-SAUCE,1544701535,"Honestly I think that it’s what’s on the inside that counts. But if you don’t have the confidence then you’ll never get out of this hole"
ScaryExtent,1544716691,"https://stylesatlife.com/wp-content/uploads/2015/07/adriana-lima-without-makeup3.jpg  https://i.redd.it/pr4eec7bd5g11.jpg  See the difference  Stop lying and saying it's make up  Some people are uglier."
Lunaroasis,1545294021,"Is there a male version of this somewhere?"
femmecel,1545708655,"Where do you see Caitlyn Jenner?"
death-loves-time,1545731453,"#1 most right"
femmecel,1545731508,"That’s not Caitlyn Jenner. I think that’s Donatella Versace.  Edit: Jocelyn Wildenstein"
[deleted],1545806873,"[deleted]"
spacebot12,1546428715,"It's my personal choice to be on the closet. In my country most people think lesbianism is a myth and the only reason someone is a lesbian because a guy broke her heart; guys don't like her; she hasn't been with a guy; or haven't found the right guy. Most people believe that of a lesbian finds a very attractive man or a man persues her she will turn straight. All people ever do is invalidate lesbians; make fun of lesbians; and tell lesbians can't have sex. And I don't want anyone to say that to me or believe that about me so yeah it's my personal choice not to come out."
spacebot12,1546431708,"Yes. It is very bad. This is also a very late reply but here we are. I'm black in Asia. And the last person an Asian will find attractive is a black person if Asians find us attractive at all. Yes. I would really; really love to pay someone to be my sugar baby. I don't mind paying at all. "
[deleted],1546459069,"So are you big then? Jk  Do even fat guys belittle you?"
[deleted],1546460092,"Feminizm is evil and u got banned 😊"
[deleted],1546461522,"[deleted]"
yikesmysexlife,1546461692,"that's shitty; I'm sorry. "
[deleted],1546462137,"I agree on 1-5"
mandoa_sky,1546477674,"i lift weights and am 5'4. size 8-10 au. if that's big; i dunno what average is; at this point.  i have been told by guys who clearly have never seen the inside of a gym to lose weight though. that part just confuses me."
IneedClearSkin,1546654351,"Even if I looksmax; there’s no getting back that lost youth. All those nights of ldaring while I should’ve been getting ma cheeks clapt tbh "
[deleted],1546724017,"The wall can be cruel to some.  young love is over-rated anyway "
[deleted],1546724680,"[deleted]"
incelofpeace,1546843518,"Ugly females should be  killed at birth so they don't have to endure a life pain and misery"
incelofpeace,1546843570,"Cuck bitch fuck u "
[deleted],1546859661,"Xd"
[deleted],1546875724,"Cuckcel "
XxR2Geek2xX,1546921236,"I never assumed anyone would leave right away; I’m clarifying that the other person staying long term is important to me and so is them being a kind individual "
monkimajik12,1547648224,"Who are you?"
[deleted],1547663571,"[deleted]"
fedorcallahan,1547704947,"Just don’t use swear words. "
mandoa_sky,1547705015,"hahaha people who never swear are not 'normal' where i live"
fedorcallahan,1547705578,"Well it’s a very important aspect of my culture not to use cuss words; and definitely one worth adopting into your daily life. "
mandoa_sky,1547705748,"lol. i live in liberal sydney australia. my 'culture' says people who don't swear are the weird ones.   the only place you should not swear is if you are around young children."
fedorcallahan,1547706261,"The wonderful possibility is that we have the opportunity to act as if there are young children around us at all times!! :) (because the LORD is always watching).   If you start pressuring the good people of Australia not to use swear words you can make a positive impact in the world. "
mandoa_sky,1547706520,"about that...i'm pagan"
fedorcallahan,1547706894,"Have a good day. Don’t ever message me again. "
NukaColaAddict1302,1547710926,"You initiated this conversation; fuckstick."
fedorcallahan,1547728887,"That was before I knew about their inappropriate beliefs. "
lurker_mcderpleson,1547732030,"was it; really? "
NukaColaAddict1302,1547738491,"Sounds like your fuckin problem. Not sure when you're gonna realize that literally NOBODY on reddit wants to be part of your stupid ass "nu swearing allowed" campaign. "
mraaggan,1547757443,"A big fat moid; scared?"
monkimajik12,1547781518,"No. You are not intimidating. You never will be. I absolutly abhor how you incels act. You men think that your problems are significant and exclusive to your sex.  Their not. You're a big fat moid...whatever do I have to be scared of?"
YourPhilipTraum,1547800930,"That's some serious prejudice you have against pagans."
fedorcallahan,1547829578,"Tons of people appreciate uplifting language. "
fedorcallahan,1547829617,"That’s because they had prejudice against the LORD first. "
NukaColaAddict1302,1547833480,"No the fuck they don't"
YourPhilipTraum,1547833578,"How did pagans have a prejudice against Lord first?  Do you have this issue with all other religions or just polytheists?"
fedorcallahan,1547833920,"Because they refuse to acknowledge the LORD"
fedorcallahan,1547834580,"Please remember not to swear on here. "
NukaColaAddict1302,1547838364,"Fuck you; this ain't your fuckin sub"
fedorcallahan,1547838415,"The goal is to make people stop swearing across ALL subreddits. "
NukaColaAddict1302,1547839272,"Ain't possible; fuckwad. "
fedorcallahan,1547839362,"All things are possible through LORD"
NukaColaAddict1302,1547839637,"Nope. Not this. Especially when you can't even control your own fucking sub because you and your shit-for-brains team can't even work the moderator functions"
fedorcallahan,1547839963,"Poop for brains. Please just say poop for brains. "
NukaColaAddict1302,1547839983,"Fuck off; shit for brains."
fedorcallahan,1547840576,"BANNED"
NukaColaAddict1302,1547847379,"You're pretty fucking stupid"
YourPhilipTraum,1547865247,"How does one appropriately "acknowledge the LORD"?"
fedorcallahan,1547866819,"Through your thoughts and deeds (including not swearing)"
YourPhilipTraum,1547911664,"Which of the following groups do you think acknowledge the LORD appropriately?  Jews?  Catholics?  Muslims?  Protestants?  Jehovah's Witnesses?  Mormons?  Scientologists?  Rastafarians?  Pastafarians?"
monkimajik12,1547993527,"What exactly are you trying to fight for? What rights have we been denied? I'm sorry but I would really appreciate of you could flesh out your argument so we could see how it related to the femcel issue?"
khymerican,1548007997,"But women do that too; my ex was significantly more attractive than me and her friends never let me(or her) hear the end of that. "
ItsFreezen,1548084367,"Post this on r/GenderCritical"
mraaggan,1548094462,"U will win when u sell yourself for 10$ per hour"
mraaggan,1548095184,"Kikes produce incels "
mraaggan,1548096249,"GC hater "
mraaggan,1548097124,"This is why u femcel sweaty"
monkimajik12,1548097221,"Run home to mommy little fatcel. Tell her to tech you respect and then maybe you'll find a female who can tolorate you."
monkimajik12,1548097283,"Get rekt widespread."
mraaggan,1548097724,"Nah I done all that; its useless and I gave up. I am happy braincels exist. It is a good cope.  Now if u didnt hate moids so much maybe u could have been ascended "
monkimajik12,1548097979,"I don't men... I hate incels. I don't use silly little names to demean people I don't know; its stupid. Incels are hated because thier a toxic community of women hating men who belive they DESERVE sex and have unreal expectations of they want from the women available to them."
CommonMisspellingBot,1548097984,"Hey; monkimajik12; just a quick heads-up:   **belive** is actually spelled **believe**. You can remember it by **i before e**.   Have a nice day!  ^^^^The ^^^^parent ^^^^commenter ^^^^can ^^^^reply ^^^^with ^^^^'delete' ^^^^to ^^^^delete ^^^^this ^^^^comment."
mraaggan,1548099432,"Ok"
rk_29,1548106257,"He told me Pastafarienism is okay. 🤣"
[deleted],1548296598,""Fuckstick" nice. xD "
NukaColaAddict1302,1548296644,"Thanks; heard it on Disjointed and it became my new favorite insult"
[deleted],1548297086,"[deleted]"
NukaColaAddict1302,1548297732,"I like it; it's cheesy at many moments but I think it's on purpose. There are two characters that annoy the fuck outta me (Dank and Dabby) but the rest of the show is good so I can tolerate them"
[deleted],1548298502,"[deleted]"
mraaggan,1548530792,"U are so mean :("
[deleted],1548619892,"[deleted]"
iambookus,1548782452,"1's and 2's seem accurate enough if it were a real scale.  3 would cover 3-6; and 4 and up are all 7-9's.   The scale is pathetic and entitled from the person who made it.  "
ub40808state,1548876410,"If it's what's on the inside that counts then explain why the vast majority of unattractive girls with rich emotional lives are single and why men only go for extremely attractive women with empty braines. That's right; because men only care about looks and having a hot girlfriend to show off. For men; a wife is only a trophy to show other men how successfull they have been at getting the attention of a conventionally attractive woman. "
mraaggan,1548928040,"U are a truthcel"
ub40808state,1548944535,"the pill is pink sis"
mraaggan,1548946536,"I acknowledge the pinkpill but subscribe to the blackpill "
[deleted],1548994801,"[deleted]"
Deusbob,1549468176,"Look; embrace your weird because we're all weird. You aren't ugly; people just have a hard time relating to you. I'm on the spectrum as well and I really am ugly. I just accepted who I was; didn't make apologies and landed a chick way out of my league. We just celebrated our 9th anniversary in Belize.   Also; I think women forget that guys actually do like women with personality and that its not all about looks. So yeah; go focus on what you love; and chances are you'll find someone who will share that love and then share their love with you.   It ain't easy; and there will be missteps; but you'll learn and in the end it'll be totally worth it."
[deleted],1549729647,"[deleted]"
[deleted],1549729829,"[deleted]"
mraaggan,1549912715,"u/riri1236 just get cancer already jeez"
[deleted],1549922280,"Aww diddums must be tough being so angry you'll fight with me here. Post on the thread where I called you out! Oh you won't because you've got a tiny dick and no balls at all. Loool pure entertainment aren't you; hideous; lonely and jealous of Jewish people :( "
mraaggan,1549923915,"Your fag racist mod banned me there for homophobic jew jokes. She loves kike shekels like you "
[deleted],1549924156,"Racist?! Loooooool get a grip mate you know if you wanted to you could post don't act cowardly now! I love JEWISH people great people! :)"
mraaggan,1549924247,"Jews eat baby dicks gross. Also come visit us at r/againstsinglemothers  Bye"
[deleted],1549926062,"Okay hunny :) you're learning that's good it's good you  know when you've lost the battle AND the war! Have a great day mr tiny penis!"
mraaggan,1549978781,"😭"
[deleted],1549987089,"Imagine being this upset over someone you don't know....sad! Let the Jewish community propser; have a great day Mr tiny penis!"
TealnotGreen,1550014545,"What? Don't be a dick."
mraaggan,1550046358,"Shut up whore; u stink"
smart_slut_boy,1550456269,"i don't agree with rating attraction numerically at all. the only exception is when it comes to actual things like disfigurement and no symmetry and bad hygiene; the rest is just preference. Like I think the lightskin black girl on 5 is way more attractive than all of the 9s"
geethaanks,1550510576,"what y'all on about?"
AverageNormieCel,1550618720,"Fucking hypocrites "
salty262,1550710728,"Y’all should fuck"
yikesmysexlife,1550711840,"...you buying the plain tickets? "
Dannyboi93,1550947180,"Do they smell good or bad?"
WeirdCanary,1551043258,"What rights are you being denied?"
WeirdCanary,1551043511,"The human condition is a fucked up one"
WeirdCanary,1551043710,"Are you a jihadi?"
WeirdCanary,1551044515,"Given the Holy Warfare going down either Catholic or Muslim. Betting on Catholic doe"
WeirdCanary,1551044777," Addyi?"
WeirdCanary,1551044947,"Is this an online slave market?"
adhamrlf,1551227331,"mononon"
[deleted],1551645108,"[deleted]"
mandoa_sky,1551690030,"That would be like recommending someone drink bleach because they can’t find water. Incels hate women."
[deleted],1551751675,"[deleted]"
NathanAALIS,1551771882,"true af. ugly girls demanding hot men"
[deleted],1551819267,"[deleted]"
mraaggan,1551979786,"Trufemcels are a myth"
mraaggaan,1552422198,"Meh"
mraaggaan,1552428888,"Dick sucking right"
mraaggaan,1552429492,"Yes; one femcel costs 100$ and incel 1$"
WeirdCanary,1552486849,"Lol "
WeirdCanary,1552486931,"Life; Liberty and the pursuit of cock"
[deleted],1552697797,"[deleted]"
youngmanthereisnonee,1553602950,"Incels and femcels are born punished"
ridingcoocksince5,1553686877,"Jeez calm döwn"
1rkedphaggot,1553728360,"whoever you are and whatever you look like; I am willing to go out with you  my face: [https://i.imgur.com/ehXaZxe.jpg](https://i.imgur.com/ehXaZxe.jpg)   &amp;#x200B;"
1rkedphaggot,1553728938,"Kristen Stewart is a 10/10 for me; just sayin"
UnkownTemptation,1553729468,"are you trolling? ur a very good looking guy why not get urself a stacy instead of the fat orcs posting here?"
rrrrrrr43,1553730916,"You’re very handsome. I concur with the comment above. This has to be a troll. "
1rkedphaggot,1553733043,"I am not a troll ffs what do I have to gain from being an asshole online?"
1rkedphaggot,1553733234,"I've been with "stacies" since high school and its all the same. They are always on instagram and attention whores; they treat you like shit or don't act like they care and then when you do something she doesn't like she cries to her friends about it.  I am not a troll"
rrrrrrr43,1553735846,"Fair.  Good luck; I hope it works out for you."
[deleted],1553852446,"[deleted]"
Craftingjunk,1554146411,"You let a fucking 4chan post hurt your feelings? "
PerAsperaX,1554235890,"99% sure this is you and not your brother and it's some kind of fetish thing. Probably a sissy?"
mraaggaan,1554361748,"So fragile heart"
[deleted],1554366387,"[deleted]"
[deleted],1554512670,"[deleted]"
[deleted],1554688676,"OMG. This is so flawed on so many levels. Ok; so for the 4s? BULLSHIT. Lara Stone is considered a 4?? Are you out of your mind??? For the 4s; examples include women with strong; masculine noses (ok; so JULIE CHRISTIE; PRINCESS DIANA...need I say more); strong chins (REESE WITHERSPOON; DOES GEENA DAVIS COUNT \[JAW/CHIN\]; EMMA WATSON)....I literally have no words..."
iambookus,1554690172,"Yep; we agree.  "
[deleted],1554691841,"I swear to G\*d; I do not understand this rating system for men or women. First of all; people find a variety of looks attractive on men or women. Like I said above; there are so many examples of women with a variety of features who are still considered attractive/beautiful; ex. masculine/asymmetrical nose (Princess Diana); hooked nose (Catherine Oxenberg); strong masculine jaw and round/small eyes (Geena Davis) (because according to the list all 9s apparently have large; almond eyes?)..One or even two features that you "don't like" is not going to make or break your appearance or make you ugly or unattractive. There is such a wide variety of looks/features which are attractive; particularly on a woman. EDIT: Also; almost no one; especially not your supposed "most beautiful" women has perfect facial symmetry. A beautiful woman/girl is a joyful; confident and kind woman."
SCTN230,1554696500,"Women are innately racist as it's part of their hypergamy  "I'll never get my white picket fence and get to be a stay at home mom getting with Tyrone. I need to find a handsome white male"  BUT their hypergamy is also biological because indeed their pussy does want Tyrone for good bone structure and high immune system.  Hence alpha fucks and beta bux.  But nowhere in this situation is love; honesty; devotion; (((a good personality))) taken into account."
SCTN230,1554696781,"If a woman were a lesbian she would first have to be schizophrenic as lesbianism does not aid women in hypergamy and the social ladder.  Women seek high performing males so they can be fat and lazy. Now you just have two ticks drinking eachothers blood.  In theory lesbianism might work for social status because God knows women are worshipped harder than the pharohs in ancient Egypt; however all the praise; compliments; and shit posting permissions will mean nothing as soon as a woman has to punch into work. The only benefit to the capitalist society is women's privilege does not extend to material wealth unless they bag a male slave to extract.  Women are not gay naturally. It's a mating strategy. Cooperate with another female to maximize Chad genes."
billybones11,1554765102,"lol @ the woman who answered; said it happened to her; and then he raped her.  Can women not be the centre of attention and trump victim in any circumstance; ever?"
tardgard69,1554855524,"you guys gay"
Modshroom128,1555136904,"why does it make you feel like crying"
Modshroom128,1555137191,"the suffragists didn't militarize  &amp;#x200B;  communism gives women rights; read about it"
WeirdCanary,1555252324,"Well look no further baby ;p"
WeirdCanary,1555252998,"You literally called him a fatcel and a big fat moid  how is that not a silly name meant to demean someone. I hope you don't think your entitled to anything although you probably do"
WeirdCanary,1555253166,"But jokes aside it's hard out here for everyone; what rights are you being denied?"
WeirdCanary,1555253231,"You have problems sure; do you think incels are happy; living it up without a care in the world ?"
femcielhere,1555264226,"Militarize against who? Like 90% of soldiers are men? I like feminism but i also understand that all this progress is very fragile. It wouldn't be the first time women lost their rights. The roman empire had very liberal women and after they fell; the dark ages came. Which was very dark for women."
mraaggaan,1555268679,"Pigcel xd"
mraaggaan,1555325340,"Well you kinda have a point I guess. We can be ignorant sometimes"
mraaggaan,1555331395,"Femcels are riding cc right now as we speak"
_derekhawkins,1555338427,"A pump and dump as bad as it sounds is still a form of validation as someone wants to have sex with you."
greensilvermoss,1555379288,"The fact that no one wants to pump and dump you is a form of validation as it means no one sees you as a disposable object to use for their own benefit."
[deleted],1555647910,"[deleted]"
SoFetchBetch,1555726537,"This. 👏 Is. 👏 Not. 👏 Polyamory. 👏"
Thotasaurus_Rex,1555931799,"he is 100% LARPING. completely made up fantasy."
[deleted],1555934173,"[deleted]"
[deleted],1555952635,"[deleted]"
greensilvermoss,1555952903,"You think an incel is a disposable object that someone uses for their own benefit? If women want nothing to do with them as they claim; then women aren't using them."
GerberRabies,1556078363,"black women physically have the highest testosterone levels of any women. There are black girls at my gym who can lift more than Asian men. No man wants a testy or angry woman.  &amp;#x200B;  Also; black women tend to be in worse health than other women; physically and emotionally. Plus; everyone knows how much black women worship slut culture; it's very likely any black girl you date has been gangbanged; sandwiched; etc; used up by her early 20's. There's a reason roast beef pussy and black women are synonymous  Also; black girls are picky and blunt. I commonly see obese black girls talking about above average men as if they are on the same level. They are less appreciative because they follow social media so heavily.  &amp;#x200B;  TLDR: Black women are less feminine; less appealing to look at for obvious reasons (hair; lip; noses); are the most aggressive and also there's the psycho risk where if something goes wrong hooking up she 'goes ghetto'; which happened to me the only time I allowed a black woman to date me. It's not even racism; it's observation of behaviors. Raise better women if you wanted to be treated like better women. Black women complaining nobody wants them is like a Toddler smashing a cake and complaining how he can't eat it."
LOL_Femcels,1556128394,"Brutal blackpill."
LOL_Femcels,1556129070,"Femcels deserve to skinned alive Ramsey Bolton style."
monkimajik12,1556364828,"He referred to himself as those terms; I doubt I did any damage to him. I'm not an Incel. I don't feel entitled to the attention of men without me putting in the effort necessary. I'm a female because I dislike incels. Their misogyny and toxic community make me sickkkkkk."
monkimajik12,1556367304,"Stay strong. Life is always worth living."
WeirdCanary,1556410477,"Well you would be a female regardless :) I have my share of problems and misogyny but I don't like to put people down and make an ass of myself unless its for a laugh."
monkimajik12,1556410817,"Sorry excuse me I meant Femcel ma bad. Ok yea so whats the problem? I asked a question and he told what he was; and I called as such in my replies afterwards; I didn't call him fat out of no where. If he's a fat incels then he's he's a fatcel. Sorry if ya feel I'm an ass."
WeirdCanary,1556411051,"Even the bots are condescending lol"
WeirdCanary,1556411760,"I thought you were a hypocrite but after rereading I wish I would have keep my nose out of it. You seem just fine."
WeirdCanary,1556412084,"I don't know...Men and Women these days are both pretty sketchy. I live for my self I wouldn't want to put in all kinds of work and effort on some women with no loyalty who is always testing me and doing fuck all beyond spreading her legs. This is kind of how I view most women to be perfectly honest."
monkimajik12,1556415059,"Well that's a shame because its wrong. Not all women are like that. Also ur trust issues are not unique to you dude. Good luck trying not to find a cheater for a partner. Ur gonna need it with ur perceptions. It'll be self-fufilling prophecies 4 u man."
WeirdCanary,1556418920,"good luck to you as well"
WeirdCanary,1556420202,"Oh I know trust issues are not unique to me; chances are if I feel a certain way about something their are a lot of other people who are similar. Most people are not completely unique"
WeirdCanary,1556421251,"How many women would you say are like that? For the sake of curiousity?"
CommonMisspellingBot,1556421267,"Hey; WeirdCanary; just a quick heads-up:   **curiousity** is actually spelled **curiosity**. You can remember it by **-os- in the middle**.   Have a nice day!  ^^^^The ^^^^parent ^^^^commenter ^^^^can ^^^^reply ^^^^with ^^^^'delete' ^^^^to ^^^^delete ^^^^this ^^^^comment."
BooCMB,1556421282,"Hey /u/CommonMisspellingBot; just a quick heads up:   Your spelling hints are really shitty because they're all essentially "remember the fucking spelling of the fucking word".  And your fucking delete function doesn't work. You're useless.  Have a nice day!  [^Save ^your ^breath; ^I'm ^a ^bot.](https://www.reddit.com/user/BooCMB/comments/9vnzpd/faq/)"
BooBCMB,1556421286,"Hey BooCMB; just a quick heads up: I learnt quite a lot from the bot. Though it's mnemonics are useless; and 'one lot' is it's most useful one; it's just here to help. This is like screaming at someone for trying to rescue kittens; because they annoyed you while doing that. (But really CMB get some quiality mnemonics)  I do agree with your idea of holding reddit for hostage by spambots though; while it might be a bit ineffective.  Have a nice day!"
BooBCMBSucks,1556421288,"Hey /u/BooBCMB; just a quick heads up:  No one likes it when you are spamming multiple layers deep. So here I am; doing the hypocritical thing; and replying to your comments as well.  I realy like the idea of holding reddit hostage though; and I am quite drunk right now.  Have a drunk day!"
CommonMisspellingBot,1556421301,"Hey; BooBCMBSucks; just a quick heads-up:   **realy** is actually spelled **really**. You can remember it by **two ls**.   Have a nice day!  ^^^^The ^^^^parent ^^^^commenter ^^^^can ^^^^reply ^^^^with ^^^^'delete' ^^^^to ^^^^delete ^^^^this ^^^^comment."
BooCMB,1556421319,"Hey /u/CommonMisspellingBot; just a quick heads up:   Your spelling hints are really shitty because they're all essentially "remember the fucking spelling of the fucking word".  And your fucking delete function doesn't work. You're useless.  Have a nice day!  [^Save ^your ^breath; ^I'm ^a ^bot.](https://www.reddit.com/user/BooCMB/comments/9vnzpd/faq/)"
BooBCMB,1556421323,"Hey BooCMB; just a quick heads up: I learnt quite a lot from the bot. Though it's mnemonics are useless; and 'one lot' is it's most useful one; it's just here to help. This is like screaming at someone for trying to rescue kittens; because they annoyed you while doing that. (But really CMB get some quiality mnemonics)  I do agree with your idea of holding reddit for hostage by spambots though; while it might be a bit ineffective.  Have a nice day!"
BooBCMBSucks,1556421325,"Hey /u/BooBCMB; just a quick heads up:  No one likes it when you are spamming multiple layers deep. So here I am; doing the hypocritical thing; and replying to your comments as well.  I realy like the idea of holding reddit hostage though; and I am quite drunk right now.  Have a drunk day!"
monkimajik12,1556423315,"A pretty good portion of the non-stacies. I'm not a fucking coward. If I'm in a relationship with an individual and I'm just not feeling it anymore I break up with them and continue on my way. If your mentality is that most women are "cum-guzzling whores" then those are the women you'll attract. If you pin that on somone ya date then thats the output you'll get. Bruv it's really not that difficult. What are ya a MGTOW?"
WeirdCanary,1556429084,"Don't let that little bastard get you down :)"
WeirdCanary,1556429586,"Border line Incel if Im being honest. I've had it better in the past but looking to get on track again. I don't think there is much point dating in this condition. What do you know about MGTOW?"
WeirdCanary,1556434765,"Actually Im a catholic"
monkimajik12,1556454161,"Funny dude; I know that they say they've gone their own way but they still complain about women as much as incels. Its sad; I'm mad; yuh done."
mraaggaan,1556481752,"Honku honku"
mraaggaan,1556481815,"You were being a misosoup!!"
Red_Sun_Vladimir,1556481974,"I may be a potato; but calling me a prepared dish is new; haha. What do you mean?"
Dekop0n,1556486126,"I wish that actually happens"
WeirdCanary,1556516832,"Ha why are you so mad? I'm not mad at you; your not paying my bills we owe each other nothing. MGTOW is not all the same either; its more complicated. If your on Truefemcels you probably have some of your own sadness going on. I do want to go my own way part of that to me is recognizing that women are not the problem or the solution and I'm working towards that."
monkimajik12,1556521827,"Not mad MAD. And definitely not at you; I don't even know you man.Just a general sense of rage wells up in my bowels everytime the manosphere creeps up on society. I will admit that I'm not a real Femcel; don't have enough self loathing for that.  If you want to go your own way then do so. But there are plenty of self-righteous MGTOW'S who are still misogynistic; pedophillic; rasict; and a plethora of other shit. On some level there is fear within me that their views could gain mainstream popularity. Then we're all fucked. Worldwide."
monkimajik12,1556522266,"Maybe she's talking about soyboys? Idk man?"
monkimajik12,1556523188,"Well hey! I'm black and managed to keep a boyfriend just fine; never had a man say I was too manly? Its funny that you think that all black women are bodybuilders; buff people @ the gym? WOAHHHH what a mystery. C'mon dude ever seen the Victoria's Secret fashion show? Tons of black and mixed Stacies abound. Not all black woman are whiny and aggressive? There are plenty of weak-minded chicks for you to bully; just let em know about your kinks beforehand. They'll acomodate you."
luna-belle,1539643774,"Really the fuckin moids are back again"
ArginatorBongo,1539648505,"Wtf is this nonsense?"
mandoa_sky,1539650126,"hahahahaha  i only date people in the same city as me"
MarryMyBroPlz,1539676967,"Why no LDR? :("
mandoa_sky,1539685198,"because i tried it once and was the worst idea i ever had. so have my best friends and theirs failed too.  it requires a certain level of commitment and trust to make any LDR work. which is why most fail.  not to mention the issues re time differences and maintaining contact; which even people living in the same city can find difficult to do."
BreathlessSky,1539691018,"You just had to spam to my inbox right? If you would've taken at least some time to look through my profile; you'd see that I'm impoverished 21 year old; who will totally not maintain some deadbeat complete failure of a person who can't even bother to investing time and effort in his own education; while would likely play with others when alone at home (for which rent he'd obviously wouldn't pay) Considering from the recency of your account and dubious other posts/comments; I would also highly suspect this isn't "your brother"; this is you..  and that is best case scenario; since you at least have 6/10 looks going for you; otherwise; there's nothing; but a bottomless void where personality should be."
TentaculoidBubblegum,1539691787,"Upvoted for visibility cause this shit's funny af"
Courwes,1539697247,"Your brother is cute but no. Not even sure how you found me. I’ve posted on this sub maybe 3 times. "
bloodwolftico,1539700372,"Thank God; I thought I was the only one that received this."
loveatfirstbump,1539703339,"I'm a straight(ish) man but I'm tempted. Those foot rubs sound p good tbh.  &amp;#x200B;  Best inbox I ever got"
BeckyCel,1539707639," Why do you know what your “brother” is like in bed? "
Solitarian_Walker,1539711924,"Expose the hypocrisy of these bitches."
MarryMyBroPlz,1539712909,"I would never call anyone a bitch; but I went and private messaged all of the "femcel" community. No one even wants to send my brother a message!!! I am so sad and frustrated right now; I am just a shitty sister idk what I was even thinking :\"
GokuGetEm,1539713918,"It's not incest if it only happened a few times"
[deleted],1539720093,"[deleted]"
MarryMyBroPlz,1539720376,"Your way of thinking is just dark; my brother would never do such a thing and there are a lot of housewives out there; so why when a male wants to be one he is suddenly a gold digger?"
[deleted],1539720849,"[deleted]"
MarryMyBroPlz,1539720973,"His dream is to take care of the children he is not lazy D:&lt;"
GokuGetEm,1539721082,"I am so sorry for the way these femnazi hypocritical bitches are treating you.  I hope your brother appreciates the abuse you are taking on his behalf.  He should know he has a great sister!"
MarryMyBroPlz,1539721275,"Thank you.. Although I can see why they would think I am a LARP as I made this reddit account just for this :\ Also my brother won't be jobless until he would have kids that's just stupid.  "
MarryMyBroPlz,1539722636,"Just wanted to comment on that absolutely insane post you made on me. Because now I think you are actually the LARP here: https://www.reddit.com/r/AskTechnology/comments/3fu6x8/how_private_is_reddit/ How delusional are you?"
GokuGetEm,1539723389,"Spend more than a day here and you will find trufemcels to be a collection of the most unoriginal; entitled; lazy; and frankly stupid collection of people on this planet.  And they certainly aren't going to welcome an "outsider" like you; especially one who has expressed an interest in helping anyone with a penis.  Good luck on your quest; I wish you all the luck in the world!"
[deleted],1539723842,"[deleted]"
MarryMyBroPlz,1539724162,"You are insane and I am not using any VPN -_-" Was just trying to help out my bro and maybe find someone nice in here; I literally messaged every "femcel" out there before you made this insane post about me; so yea.. I guess you "won" by default; only thing is that there are only losers in this "game" you think I am playing with you. "
MarryMyBroPlz,1539724379,"I think their hatred for men has gotten to this point that they just think that the whole world is out there to make fun of them; so even if anyone genuine like me drops by they would make up everything in their mind on how possibly I would ruin their lives in every possible way.. Thank you for listening to all of the though :)"
[deleted],1539725765,"[deleted]"
MarryMyBroPlz,1539726834,"dating sites are a scam :\ do you know any good ones?"
GokuGetEm,1539727916,""It's easy to do X; just know how to do it and then you can do it!"  Can't tell if this is low IQ sarcasm or if you are genuinely this stupid."
GokuGetEm,1539728008,"JFL.  "Just try Tinder bro"  Unlike fakecels..... Err.... I mean femcels; getting Tinder matches is very difficult for even an above average guy; let alone a normal man.  If you aren't a Chad Tinder is a waste of time."
[deleted],1539728312,"[deleted]"
[deleted],1539728403,"[deleted]"
GokuGetEm,1539729606,"&gt;sweety   &gt;Making broad; baseless assumptions and using it as an insult in an attempt to win the debate  &gt;Brags about a shitty degree she doesn't even have yet to someone who has already accomplished far more   &gt;Still doesn't comprehend the stupidity in her oringal post after having it broken down  This has everything except a reference to her ex boyfriend.   Literally a meme gender."
GokuGetEm,1539730058,"Chad's aren't 7.5/10.  I would break down Pareto's principal for you but the way you brag about your shitty premed degree that you haven't even earned yet; I doubt you would understand it."
[deleted],1539730671,"[deleted]"
GokuGetEm,1539731732,"Usubstantiated claims; flat out lies; and bragging about shit you haven't done yet.  Meme gender."
[deleted],1539731803,"[deleted]"
alitalala,1539735325,"This is so creepy. First off it’s pretty obvious that you’re just looking for some woman to maintain you. 2nd your sister should not know what your like in bed. Why could  he not post this himself? Is he incapable? "
GokuGetEm,1539739302,"Unlike you I am not stupid enough to leave behind enough clues to essentially dox myself.  Suffice it to say I have a STEM degree and am a licensed professional.  Not some trash talking kid who hasn't done anything yet which; if memory serves; none of those dumbasses we're ever able to graduate."
BeastWithSombra,1539742707,"wtf; he pm'd me"
Solitarian_Walker,1539786376,"It shouldn't be possible to be this retarded."
LilMagicBoaa,1539896872,"If this is true; I'm down for this offer. DM me."
curryfemcel,1540163759,"would take but am not careermaxxed (am poor). Good luck finding a sugar momma OP"
death-loves-time,1540268333,"&gt;\&gt; from israel   \&gt; wants to be a housewife     bro get real that shit is not a thing"
Tetragrade,1541088403,"he's honeydicking the foidcels."
TotesMessenger,1541088815,"I'm a bot; *bleep*; *bloop*. Someone has linked to this thread from another place on reddit:  - [/r/drama] [A retard larps as his imaginary sister to catfish the 3 users of \/r\/truefemcels](https://www.reddit.com/r/Drama/comments/9tatb1/a_retard_larps_as_his_imaginary_sister_to_catfish/)  &amp;nbsp;*^(If you follow any of the above links; please respect the rules of reddit and don't vote in the other threads.) ^\([Info](/r/TotesMessenger) ^/ ^[Contact](/message/compose?to=/r/TotesMessenger))*"
[deleted],1541403888,"[deleted]"
VixDzn,1542193064,"No; Tinder is a waste of time if you don't live in a city.  I live in a city; 300+ matches and dates whenever I want.  Just move to a city. Honestly."
GokuGetEm,1542204731,"I live very close to a college city fool.  0 matches not counting hookers looking for business and bots. "
VixDzn,1542208711,"I live in a very liberal and progressive 220.000.000m^2 city with nearly a million residents; don't think that's very comparable."
GokuGetEm,1542216644,"So a liberal hellhole like LA or New York?  Because those are supposed to be the hardest places for a normal guy to get matches.  I take it you are some bastard Chad humblebragging and I fucked up by giving g you attention.  You got me.  Time to move on."
VixDzn,1542219879,"Amsterdam; actually.  And no; it's not just me all my friends also and if everyone I know falls into your definition of """Chad""" then Chad is the norm... Which; it's not.   *Edit* also lol @hellhole hahahha r u ok m8? Metropolitan cities &gt;&gt;&gt;&gt;&gt; hellish hillbilly backwards rural shitholes."
GokuGetEm,1542228792,"Thanks for confirming I am speaking to either a lying douchebag idiot or a lying douchebag idiotic Chad.  Now have the decency to jot bother anyone here again."
VixDzn,1542230818,"What are you on about mate? How; literally. "
SisterSalty,1542565020,"bcz they find each other unattractive n cringy"
whatthenoope,1542686484,"Femcels; despite having low self esteem; and allegedly unattractive looks; still view themselves as higher than the incels.Even if they didn’t; most incels have completely given up on happiness and reduced themselves to the miserable  neckbeards that we see online. It’s basic female nature (generic “not all” statement that I have to put in because it’s still true despite being the minority) to pair up with males that have some sort of power or strength; wether physically; mentally; or financially. Since nearly all incels that haven’t ___maxed at something have none of these; even the femcels turn them down."
[deleted],1542686896,"aren't those arguments a little bit too...biological? i mean; i have studied evolution; but i don't think of humans as being this close to irrational animals. i don't mean to offend you i'm just trying to understand the basis of your argumentation."
[deleted],1542687255,"i mean; do you not consider the possibility of bonding over one another's interests instead of a power/beauty/intelligence chase?"
whatthenoope,1542688162,"Yes; I do. There are over 7 Billion people on earth; it’s bound that relationships are going to form in ways other than instinct. Personality DOES matter; for everyone. I just believe that to many people; including myself to a degree; sadly. it is secondary to Looks. It was also an easy way to explain why many women talk about not being attracted to men under 6’; are broke; or unintelligent on social media and other platforms.  Edit Incase IT wants to snag this: I only draw the line at obesity and/or serious deformities; and I mean [SERIOUS](https://m.youtube.com/watch?v=ztJkD7-Vtks) ; for a little more context; I’d even date the [momo](https://i2-prod.cambridge-news.co.uk/incoming/article14980459.ece/ALTERNATES/s615b/2_Momo-4.jpg)  creature if; well; y’know;  it existed."
[deleted],1542688412,"you know what intrigues me though? a lot of guys who consider themselves incels are total cuties from my point of view. like this guy who gave vice an interview about the incel community and he was really cute (not a "chad" as you guys might say; but that's not every girl's type; trust me). i'm not saying your suffering isn't valid; just that &gt;I&lt; as an individual see some incel guys as smashable."
[deleted],1542689017,"[deleted]"
XxR2Geek2xX,1542904275,"I would if they were a genuinely kind individual that wouldn't leave right after."
XxR2Geek2xX,1542904356,"&gt;©  Yesss a lot of them are adorable ahhhh"
outofideas007,1542907897,"Those aren't incels. They picked some random Chadlite to represent incels."
Spiritofthemountain,1542942824,"Are you a femcel?"
XxR2Geek2xX,1542946300,"I'm a femcel...not a guy lol "
Spiritofthemountain,1542946767,"Do you have any posts on here?"
XxR2Geek2xX,1543008589,"&amp;#x200B;  No not really"
khmln,1543153439,"What is a "Suifuel"?"
Lanky_Initiative,1543179588," From what I know; Femcels  don't want to date Incels cause of how Subreddit incels tend to "hate" women; calling all women cumdupmsters; roasties etc... "femcels cant exist" etc.. But I think its just men and women are interested in different things; femcels struggle to get relationships and don't want to give sex without commitment meanwhile incels want to have sex but no one will give it to them; not without paying anyways ; and in the same way femcels don't wanna have sex without commitment I think a lot of incels won't pay for sex.. I know I don't want to; I'd like to have a connection with someone I have sex with too"
Spiritofthemountain,1543188659,"Why? You're not ugly."
asocial-workshy,1543262573,"The Vice guy had a GF though.  And even if you do consider him an incel he was more along the lines of a high school drop out mentalcel."
asocial-workshy,1543262685,"Sex is a basic human drive like hunger or thirst.  60% of North Americans are overweight.  This does not bode well for self-control."
Knightman18,1543330146,"What makes you think they will leave right away? "
